{"cameraMode":{"drawMode":0,"name":"Shaded","section":"Shading Mode"},"sceneLighting":false,"audioPlay":false,"sceneViewState":{"showFog":true,"showMaterialUpdate":false,"showSkybox":true,"showFlares":true,"showImageEffects":true,"showParticleSystems":true},"in2DMode":false,"pivot":{"x":-6.14520788192749,"y":0.9454007148742676,"z":249.86557006835938},"rotation":{"x":-0.10623010993003845,"y":-0.1844203770160675,"z":0.02005394548177719,"w":-0.9768839478492737},"size":2.0208001136779787,"orthographic":false}