{"cameraMode":{"drawMode":0,"name":"Shaded","section":"Shading Mode"},"sceneLighting":false,"audioPlay":false,"sceneViewState":{"showFog":true,"showMaterialUpdate":false,"showSkybox":true,"showFlares":true,"showImageEffects":true,"showParticleSystems":true},"in2DMode":false,"pivot":{"x":-0.8272212743759155,"y":0.684525728225708,"z":-0.018244028091430665},"rotation":{"x":-0.07000715285539627,"y":0.8590698838233948,"z":-0.1222141832113266,"w":-0.4920992851257324},"size":2.988276958465576,"orthographic":false}